subject,item,length,ci,gender,age,year,gpa,acc,rt,SUIS,VVIQ,TVIC,BAISV,BAISC,uni,img_ex,img_par,familiarity,difficulty,speed,self
1,pets,112,0.447368421,female,22,4,3.2,0.88,2413.89,4.333333333,4.5625,5,6.428571429,6.428571429,hacettepe,6,4.131578947,4.473684211,1.815789474,2.657894737,3.368421053
1,money,102,0.555555556,female,22,4,3.2,0.88,2413.89,4.333333333,4.5625,5,6.428571429,6.428571429,hacettepe,4.066666667,2.710526316,3.684210526,2.815789474,2.947368421,2.552631579
1,nations,109,0.565789474,female,22,4,3.2,0.88,2413.89,4.333333333,4.5625,5,6.428571429,6.428571429,hacettepe,3.933333333,3.631578947,3.421052632,2.684210526,2.842105263,3.052631579
1,communication,105,0.513157895,female,22,4,3.2,0.88,2413.89,4.333333333,4.5625,5,6.428571429,6.428571429,hacettepe,2.866666667,2.657894737,3.578947368,2.473684211,2.789473684,3.157894737
1,alexander,109,0.609375,female,22,4,3.2,0.88,2413.89,4.333333333,4.5625,5,6.428571429,6.428571429,hacettepe,5,3.710526316,3.394736842,2.605263158,2.789473684,3.263157895
1,telescope,125,0.245098039,female,22,4,3.2,0.88,2413.89,4.333333333,4.5625,5,6.428571429,6.428571429,hacettepe,6,3.736842105,3.657894737,2.684210526,2.736842105,3.236842105
1,geneology,112,0.38125,female,22,4,3.2,0.88,2413.89,4.333333333,4.5625,5,6.428571429,6.428571429,hacettepe,3.466666667,2.815789474,2.447368421,2.947368421,3,2.947368421
1,plants,198,0.494565217,female,22,4,3.2,0.88,2413.89,4.333333333,4.5625,5,6.428571429,6.428571429,hacettepe,5.733333333,4.026315789,3.315789474,2.289473684,2.789473684,3.552631579
1,culture,131,0.375,female,22,4,3.2,0.88,2413.89,4.333333333,4.5625,5,6.428571429,6.428571429,hacettepe,2.933333333,2.263157895,4.105263158,3.263157895,3.157894737,2.526315789
1,magna,139,0.321428571,female,22,4,3.2,0.88,2413.89,4.333333333,4.5625,5,6.428571429,6.428571429,hacettepe,3.866666667,3.263157895,2.868421053,3.578947368,3.236842105,2.526315789
2,pets,112,0.184210526,female,22,4,3.41,0.93,3756.12,4.333333333,4.125,4.166666667,6.642857143,6.857142857,hacettepe,6,4.131578947,4.473684211,1.815789474,2.657894737,3.368421053
2,money,102,0.305555556,female,22,4,3.41,0.93,3756.12,4.333333333,4.125,4.166666667,6.642857143,6.857142857,hacettepe,4.066666667,2.710526316,3.684210526,2.815789474,2.947368421,2.552631579
2,nations,109,0.368421053,female,22,4,3.41,0.93,3756.12,4.333333333,4.125,4.166666667,6.642857143,6.857142857,hacettepe,3.933333333,3.631578947,3.421052632,2.684210526,2.842105263,3.052631579
2,communication,105,0.184210526,female,22,4,3.41,0.93,3756.12,4.333333333,4.125,4.166666667,6.642857143,6.857142857,hacettepe,2.866666667,2.657894737,3.578947368,2.473684211,2.789473684,3.157894737
2,alexander,109,0.46875,female,22,4,3.41,0.93,3756.12,4.333333333,4.125,4.166666667,6.642857143,6.857142857,hacettepe,5,3.710526316,3.394736842,2.605263158,2.789473684,3.263157895
2,telescope,125,0.147058824,female,22,4,3.41,0.93,3756.12,4.333333333,4.125,4.166666667,6.642857143,6.857142857,hacettepe,6,3.736842105,3.657894737,2.684210526,2.736842105,3.236842105
2,geneology,112,0.15,female,22,4,3.41,0.93,3756.12,4.333333333,4.125,4.166666667,6.642857143,6.857142857,hacettepe,3.466666667,2.815789474,2.447368421,2.947368421,3,2.947368421
2,plants,198,0.152173913,female,22,4,3.41,0.93,3756.12,4.333333333,4.125,4.166666667,6.642857143,6.857142857,hacettepe,5.733333333,4.026315789,3.315789474,2.289473684,2.789473684,3.552631579
2,culture,131,0.1375,female,22,4,3.41,0.93,3756.12,4.333333333,4.125,4.166666667,6.642857143,6.857142857,hacettepe,2.933333333,2.263157895,4.105263158,3.263157895,3.157894737,2.526315789
2,magna,139,0.083333333,female,22,4,3.41,0.93,3756.12,4.333333333,4.125,4.166666667,6.642857143,6.857142857,hacettepe,3.866666667,3.263157895,2.868421053,3.578947368,3.236842105,2.526315789
3,pets,112,0.710526316,female,22,4,3.73,0.79,2219.39,3.583333333,4.6875,5,7,6.857142857,hacettepe,6,4.131578947,4.473684211,1.815789474,2.657894737,3.368421053
3,money,102,0.305555556,female,22,4,3.73,0.79,2219.39,3.583333333,4.6875,5,7,6.857142857,hacettepe,4.066666667,2.710526316,3.684210526,2.815789474,2.947368421,2.552631579
3,nations,109,0.394736842,female,22,4,3.73,0.79,2219.39,3.583333333,4.6875,5,7,6.857142857,hacettepe,3.933333333,3.631578947,3.421052632,2.684210526,2.842105263,3.052631579
3,communication,105,0.421052632,female,22,4,3.73,0.79,2219.39,3.583333333,4.6875,5,7,6.857142857,hacettepe,2.866666667,2.657894737,3.578947368,2.473684211,2.789473684,3.157894737
3,alexander,109,0.5625,female,22,4,3.73,0.79,2219.39,3.583333333,4.6875,5,7,6.857142857,hacettepe,5,3.710526316,3.394736842,2.605263158,2.789473684,3.263157895
3,telescope,125,0.215686275,female,22,4,3.73,0.79,2219.39,3.583333333,4.6875,5,7,6.857142857,hacettepe,6,3.736842105,3.657894737,2.684210526,2.736842105,3.236842105
3,geneology,112,0.275,female,22,4,3.73,0.79,2219.39,3.583333333,4.6875,5,7,6.857142857,hacettepe,3.466666667,2.815789474,2.447368421,2.947368421,3,2.947368421
3,plants,198,0.347826087,female,22,4,3.73,0.79,2219.39,3.583333333,4.6875,5,7,6.857142857,hacettepe,5.733333333,4.026315789,3.315789474,2.289473684,2.789473684,3.552631579
3,culture,131,0.3375,female,22,4,3.73,0.79,2219.39,3.583333333,4.6875,5,7,6.857142857,hacettepe,2.933333333,2.263157895,4.105263158,3.263157895,3.157894737,2.526315789
3,magna,139,0.416666667,female,22,4,3.73,0.79,2219.39,3.583333333,4.6875,5,7,6.857142857,hacettepe,3.866666667,3.263157895,2.868421053,3.578947368,3.236842105,2.526315789
4,pets,112,0.131578947,male,22,4,3.21,0.86,2055.41,1.916666667,4.8125,4.833333333,5.928571429,6.642857143,hacettepe,6,4.131578947,4.473684211,1.815789474,2.657894737,3.368421053
4,money,102,0.111111111,male,22,4,3.21,0.86,2055.41,1.916666667,4.8125,4.833333333,5.928571429,6.642857143,hacettepe,4.066666667,2.710526316,3.684210526,2.815789474,2.947368421,2.552631579
4,nations,109,0.131578947,male,22,4,3.21,0.86,2055.41,1.916666667,4.8125,4.833333333,5.928571429,6.642857143,hacettepe,3.933333333,3.631578947,3.421052632,2.684210526,2.842105263,3.052631579
4,communication,105,0.131578947,male,22,4,3.21,0.86,2055.41,1.916666667,4.8125,4.833333333,5.928571429,6.642857143,hacettepe,2.866666667,2.657894737,3.578947368,2.473684211,2.789473684,3.157894737
4,alexander,109,0.34375,male,22,4,3.21,0.86,2055.41,1.916666667,4.8125,4.833333333,5.928571429,6.642857143,hacettepe,5,3.710526316,3.394736842,2.605263158,2.789473684,3.263157895
4,telescope,125,0.225490196,male,22,4,3.21,0.86,2055.41,1.916666667,4.8125,4.833333333,5.928571429,6.642857143,hacettepe,6,3.736842105,3.657894737,2.684210526,2.736842105,3.236842105
4,geneology,112,0.175,male,22,4,3.21,0.86,2055.41,1.916666667,4.8125,4.833333333,5.928571429,6.642857143,hacettepe,3.466666667,2.815789474,2.447368421,2.947368421,3,2.947368421
4,plants,198,0.293478261,male,22,4,3.21,0.86,2055.41,1.916666667,4.8125,4.833333333,5.928571429,6.642857143,hacettepe,5.733333333,4.026315789,3.315789474,2.289473684,2.789473684,3.552631579
4,culture,131,0.2125,male,22,4,3.21,0.86,2055.41,1.916666667,4.8125,4.833333333,5.928571429,6.642857143,hacettepe,2.933333333,2.263157895,4.105263158,3.263157895,3.157894737,2.526315789
4,magna,139,0.19047619,male,22,4,3.21,0.86,2055.41,1.916666667,4.8125,4.833333333,5.928571429,6.642857143,hacettepe,3.866666667,3.263157895,2.868421053,3.578947368,3.236842105,2.526315789
5,pets,112,0.526315789,male,23,4,3.37,0.89,1680.23,4.333333333,3.5,4.666666667,5,4.928571429,ekonomi,6,4.131578947,4.473684211,1.815789474,2.657894737,3.368421053
5,money,102,0.194444444,male,23,4,3.37,0.89,1680.23,4.333333333,3.5,4.666666667,5,4.928571429,ekonomi,4.066666667,2.710526316,3.684210526,2.815789474,2.947368421,2.552631579
5,nations,109,0.342105263,male,23,4,3.37,0.89,1680.23,4.333333333,3.5,4.666666667,5,4.928571429,ekonomi,3.933333333,3.631578947,3.421052632,2.684210526,2.842105263,3.052631579
5,communication,105,0.631578947,male,23,4,3.37,0.89,1680.23,4.333333333,3.5,4.666666667,5,4.928571429,ekonomi,2.866666667,2.657894737,3.578947368,2.473684211,2.789473684,3.157894737
5,alexander,109,0.40625,male,23,4,3.37,0.89,1680.23,4.333333333,3.5,4.666666667,5,4.928571429,ekonomi,5,3.710526316,3.394736842,2.605263158,2.789473684,3.263157895
5,telescope,125,0.352941176,male,23,4,3.37,0.89,1680.23,4.333333333,3.5,4.666666667,5,4.928571429,ekonomi,6,3.736842105,3.657894737,2.684210526,2.736842105,3.236842105
5,geneology,112,0.2125,male,23,4,3.37,0.89,1680.23,4.333333333,3.5,4.666666667,5,4.928571429,ekonomi,3.466666667,2.815789474,2.447368421,2.947368421,3,2.947368421
5,plants,198,0.336956522,male,23,4,3.37,0.89,1680.23,4.333333333,3.5,4.666666667,5,4.928571429,ekonomi,5.733333333,4.026315789,3.315789474,2.289473684,2.789473684,3.552631579
5,culture,131,0.3,male,23,4,3.37,0.89,1680.23,4.333333333,3.5,4.666666667,5,4.928571429,ekonomi,2.933333333,2.263157895,4.105263158,3.263157895,3.157894737,2.526315789
5,magna,139,0.154761905,male,23,4,3.37,0.89,1680.23,4.333333333,3.5,4.666666667,5,4.928571429,ekonomi,3.866666667,3.263157895,2.868421053,3.578947368,3.236842105,2.526315789
6,pets,112,0.368421053,male,25,4,2.9,0.54,1552.8,3.166666667,3.625,3.75,5.5,4.785714286,hacettepe,6,4.131578947,4.473684211,1.815789474,2.657894737,3.368421053
6,money,102,0.333333333,male,25,4,2.9,0.54,1552.8,3.166666667,3.625,3.75,5.5,4.785714286,hacettepe,4.066666667,2.710526316,3.684210526,2.815789474,2.947368421,2.552631579
6,nations,109,0.157894737,male,25,4,2.9,0.54,1552.8,3.166666667,3.625,3.75,5.5,4.785714286,hacettepe,3.933333333,3.631578947,3.421052632,2.684210526,2.842105263,3.052631579
6,communication,105,0.078947368,male,25,4,2.9,0.54,1552.8,3.166666667,3.625,3.75,5.5,4.785714286,hacettepe,2.866666667,2.657894737,3.578947368,2.473684211,2.789473684,3.157894737
6,alexander,109,0.4375,male,25,4,2.9,0.54,1552.8,3.166666667,3.625,3.75,5.5,4.785714286,hacettepe,5,3.710526316,3.394736842,2.605263158,2.789473684,3.263157895
6,telescope,125,0.392156863,male,25,4,2.9,0.54,1552.8,3.166666667,3.625,3.75,5.5,4.785714286,hacettepe,6,3.736842105,3.657894737,2.684210526,2.736842105,3.236842105
6,geneology,112,0.225,male,25,4,2.9,0.54,1552.8,3.166666667,3.625,3.75,5.5,4.785714286,hacettepe,3.466666667,2.815789474,2.447368421,2.947368421,3,2.947368421
6,plants,198,0.402173913,male,25,4,2.9,0.54,1552.8,3.166666667,3.625,3.75,5.5,4.785714286,hacettepe,5.733333333,4.026315789,3.315789474,2.289473684,2.789473684,3.552631579
6,culture,131,0.2625,male,25,4,2.9,0.54,1552.8,3.166666667,3.625,3.75,5.5,4.785714286,hacettepe,2.933333333,2.263157895,4.105263158,3.263157895,3.157894737,2.526315789
6,magna,139,0.25,male,25,4,2.9,0.54,1552.8,3.166666667,3.625,3.75,5.5,4.785714286,hacettepe,3.866666667,3.263157895,2.868421053,3.578947368,3.236842105,2.526315789
7,pets,112,0.368421053,female,22,4,3,0.61,2344.68,3.75,4.25,5,6.5,6.142857143,ekonomi,6,4.131578947,4.473684211,1.815789474,2.657894737,3.368421053
7,money,102,0.333333333,female,22,4,3,0.61,2344.68,3.75,4.25,5,6.5,6.142857143,ekonomi,4.066666667,2.710526316,3.684210526,2.815789474,2.947368421,2.552631579
7,nations,109,0.315789474,female,22,4,3,0.61,2344.68,3.75,4.25,5,6.5,6.142857143,ekonomi,3.933333333,3.631578947,3.421052632,2.684210526,2.842105263,3.052631579
7,communication,105,0.815789474,female,22,4,3,0.61,2344.68,3.75,4.25,5,6.5,6.142857143,ekonomi,2.866666667,2.657894737,3.578947368,2.473684211,2.789473684,3.157894737
7,alexander,109,0.75,female,22,4,3,0.61,2344.68,3.75,4.25,5,6.5,6.142857143,ekonomi,5,3.710526316,3.394736842,2.605263158,2.789473684,3.263157895
7,telescope,125,0.647058824,female,22,4,3,0.61,2344.68,3.75,4.25,5,6.5,6.142857143,ekonomi,6,3.736842105,3.657894737,2.684210526,2.736842105,3.236842105
7,geneology,112,0.375,female,22,4,3,0.61,2344.68,3.75,4.25,5,6.5,6.142857143,ekonomi,3.466666667,2.815789474,2.447368421,2.947368421,3,2.947368421
7,plants,198,0.347826087,female,22,4,3,0.61,2344.68,3.75,4.25,5,6.5,6.142857143,ekonomi,5.733333333,4.026315789,3.315789474,2.289473684,2.789473684,3.552631579
7,culture,131,0.3,female,22,4,3,0.61,2344.68,3.75,4.25,5,6.5,6.142857143,ekonomi,2.933333333,2.263157895,4.105263158,3.263157895,3.157894737,2.526315789
7,magna,139,0.297619048,female,22,4,3,0.61,2344.68,3.75,4.25,5,6.5,6.142857143,ekonomi,3.866666667,3.263157895,2.868421053,3.578947368,3.236842105,2.526315789
8,pets,112,0.368421053,male,22,4,3.3,0.79,3274.01,3.166666667,3.5,4.833333333,5.857142857,6.357142857,yasar,6,4.131578947,4.473684211,1.815789474,2.657894737,3.368421053
8,money,102,0.472222222,male,22,4,3.3,0.79,3274.01,3.166666667,3.5,4.833333333,5.857142857,6.357142857,yasar,4.066666667,2.710526316,3.684210526,2.815789474,2.947368421,2.552631579
8,nations,109,0.394736842,male,22,4,3.3,0.79,3274.01,3.166666667,3.5,4.833333333,5.857142857,6.357142857,yasar,3.933333333,3.631578947,3.421052632,2.684210526,2.842105263,3.052631579
8,communication,105,0.421052632,male,22,4,3.3,0.79,3274.01,3.166666667,3.5,4.833333333,5.857142857,6.357142857,yasar,2.866666667,2.657894737,3.578947368,2.473684211,2.789473684,3.157894737
8,alexander,109,0.5,male,22,4,3.3,0.79,3274.01,3.166666667,3.5,4.833333333,5.857142857,6.357142857,yasar,5,3.710526316,3.394736842,2.605263158,2.789473684,3.263157895
8,telescope,125,0.382352941,male,22,4,3.3,0.79,3274.01,3.166666667,3.5,4.833333333,5.857142857,6.357142857,yasar,6,3.736842105,3.657894737,2.684210526,2.736842105,3.236842105
8,geneology,112,0.1875,male,22,4,3.3,0.79,3274.01,3.166666667,3.5,4.833333333,5.857142857,6.357142857,yasar,3.466666667,2.815789474,2.447368421,2.947368421,3,2.947368421
8,plants,198,0.358695652,male,22,4,3.3,0.79,3274.01,3.166666667,3.5,4.833333333,5.857142857,6.357142857,yasar,5.733333333,4.026315789,3.315789474,2.289473684,2.789473684,3.552631579
8,culture,131,0.25,male,22,4,3.3,0.79,3274.01,3.166666667,3.5,4.833333333,5.857142857,6.357142857,yasar,2.933333333,2.263157895,4.105263158,3.263157895,3.157894737,2.526315789
8,magna,139,0.464285714,male,22,4,3.3,0.79,3274.01,3.166666667,3.5,4.833333333,5.857142857,6.357142857,yasar,3.866666667,3.263157895,2.868421053,3.578947368,3.236842105,2.526315789
9,pets,112,0.578947368,male,22,4,3.4,0.82,2695.54,3.916666667,4.6875,5,6.357142857,6.214285714,hacettepe,6,4.131578947,4.473684211,1.815789474,2.657894737,3.368421053
9,money,102,0.5,male,22,4,3.4,0.82,2695.54,3.916666667,4.6875,5,6.357142857,6.214285714,hacettepe,4.066666667,2.710526316,3.684210526,2.815789474,2.947368421,2.552631579
9,nations,109,0.631578947,male,22,4,3.4,0.82,2695.54,3.916666667,4.6875,5,6.357142857,6.214285714,hacettepe,3.933333333,3.631578947,3.421052632,2.684210526,2.842105263,3.052631579
9,communication,105,0.552631579,male,22,4,3.4,0.82,2695.54,3.916666667,4.6875,5,6.357142857,6.214285714,hacettepe,2.866666667,2.657894737,3.578947368,2.473684211,2.789473684,3.157894737
9,alexander,109,0.78125,male,22,4,3.4,0.82,2695.54,3.916666667,4.6875,5,6.357142857,6.214285714,hacettepe,5,3.710526316,3.394736842,2.605263158,2.789473684,3.263157895
9,telescope,125,0.480392157,male,22,4,3.4,0.82,2695.54,3.916666667,4.6875,5,6.357142857,6.214285714,hacettepe,6,3.736842105,3.657894737,2.684210526,2.736842105,3.236842105
9,geneology,112,0.4125,male,22,4,3.4,0.82,2695.54,3.916666667,4.6875,5,6.357142857,6.214285714,hacettepe,3.466666667,2.815789474,2.447368421,2.947368421,3,2.947368421
9,plants,198,0.608695652,male,22,4,3.4,0.82,2695.54,3.916666667,4.6875,5,6.357142857,6.214285714,hacettepe,5.733333333,4.026315789,3.315789474,2.289473684,2.789473684,3.552631579
9,culture,131,0.3125,male,22,4,3.4,0.82,2695.54,3.916666667,4.6875,5,6.357142857,6.214285714,hacettepe,2.933333333,2.263157895,4.105263158,3.263157895,3.157894737,2.526315789
9,magna,139,0.583333333,male,22,4,3.4,0.82,2695.54,3.916666667,4.6875,5,6.357142857,6.214285714,hacettepe,3.866666667,3.263157895,2.868421053,3.578947368,3.236842105,2.526315789
10,pets,112,0.605263158,female,23,4,3.49,0.71,1989.4,3.833333333,3.9375,4.583333333,6.857142857,6.071428571,hacettepe,6,4.131578947,4.473684211,1.815789474,2.657894737,3.368421053
10,money,102,0.472222222,female,23,4,3.49,0.71,1989.4,3.833333333,3.9375,4.583333333,6.857142857,6.071428571,hacettepe,4.066666667,2.710526316,3.684210526,2.815789474,2.947368421,2.552631579
10,nations,109,0.473684211,female,23,4,3.49,0.71,1989.4,3.833333333,3.9375,4.583333333,6.857142857,6.071428571,hacettepe,3.933333333,3.631578947,3.421052632,2.684210526,2.842105263,3.052631579
10,communication,105,0.473684211,female,23,4,3.49,0.71,1989.4,3.833333333,3.9375,4.583333333,6.857142857,6.071428571,hacettepe,2.866666667,2.657894737,3.578947368,2.473684211,2.789473684,3.157894737
10,alexander,109,0.5625,female,23,4,3.49,0.71,1989.4,3.833333333,3.9375,4.583333333,6.857142857,6.071428571,hacettepe,5,3.710526316,3.394736842,2.605263158,2.789473684,3.263157895
10,telescope,125,0.254901961,female,23,4,3.49,0.71,1989.4,3.833333333,3.9375,4.583333333,6.857142857,6.071428571,hacettepe,6,3.736842105,3.657894737,2.684210526,2.736842105,3.236842105
10,geneology,112,0.225,female,23,4,3.49,0.71,1989.4,3.833333333,3.9375,4.583333333,6.857142857,6.071428571,hacettepe,3.466666667,2.815789474,2.447368421,2.947368421,3,2.947368421
10,plants,198,0.456521739,female,23,4,3.49,0.71,1989.4,3.833333333,3.9375,4.583333333,6.857142857,6.071428571,hacettepe,5.733333333,4.026315789,3.315789474,2.289473684,2.789473684,3.552631579
10,culture,131,0.25,female,23,4,3.49,0.71,1989.4,3.833333333,3.9375,4.583333333,6.857142857,6.071428571,hacettepe,2.933333333,2.263157895,4.105263158,3.263157895,3.157894737,2.526315789
10,magna,139,0.357142857,female,23,4,3.49,0.71,1989.4,3.833333333,3.9375,4.583333333,6.857142857,6.071428571,hacettepe,3.866666667,3.263157895,2.868421053,3.578947368,3.236842105,2.526315789
11,pets,112,0.552631579,female,22,3,3,0.61,2131.86,3.333333333,3.75,4,6.5,6.5,yasar,6,4.131578947,4.473684211,1.815789474,2.657894737,3.368421053
11,money,102,0.166666667,female,22,3,3,0.61,2131.86,3.333333333,3.75,4,6.5,6.5,yasar,4.066666667,2.710526316,3.684210526,2.815789474,2.947368421,2.552631579
11,nations,109,0.263157895,female,22,3,3,0.61,2131.86,3.333333333,3.75,4,6.5,6.5,yasar,3.933333333,3.631578947,3.421052632,2.684210526,2.842105263,3.052631579
11,communication,105,0.315789474,female,22,3,3,0.61,2131.86,3.333333333,3.75,4,6.5,6.5,yasar,2.866666667,2.657894737,3.578947368,2.473684211,2.789473684,3.157894737
11,alexander,109,0.34375,female,22,3,3,0.61,2131.86,3.333333333,3.75,4,6.5,6.5,yasar,5,3.710526316,3.394736842,2.605263158,2.789473684,3.263157895
11,telescope,125,0.166666667,female,22,3,3,0.61,2131.86,3.333333333,3.75,4,6.5,6.5,yasar,6,3.736842105,3.657894737,2.684210526,2.736842105,3.236842105
11,geneology,112,0.125,female,22,3,3,0.61,2131.86,3.333333333,3.75,4,6.5,6.5,yasar,3.466666667,2.815789474,2.447368421,2.947368421,3,2.947368421
11,plants,198,0.184782609,female,22,3,3,0.61,2131.86,3.333333333,3.75,4,6.5,6.5,yasar,5.733333333,4.026315789,3.315789474,2.289473684,2.789473684,3.552631579
11,culture,131,0.15,female,22,3,3,0.61,2131.86,3.333333333,3.75,4,6.5,6.5,yasar,2.933333333,2.263157895,4.105263158,3.263157895,3.157894737,2.526315789
11,magna,139,0.095238095,female,22,3,3,0.61,2131.86,3.333333333,3.75,4,6.5,6.5,yasar,3.866666667,3.263157895,2.868421053,3.578947368,3.236842105,2.526315789
12,pets,112,0.447368421,female,22,4,3.66,0.82,4083.98,2.666666667,2.8125,3.333333333,3.928571429,5.071428571,hacettepe,6,4.131578947,4.473684211,1.815789474,2.657894737,3.368421053
12,money,102,0.361111111,female,22,4,3.66,0.82,4083.98,2.666666667,2.8125,3.333333333,3.928571429,5.071428571,hacettepe,4.066666667,2.710526316,3.684210526,2.815789474,2.947368421,2.552631579
12,nations,109,0.5,female,22,4,3.66,0.82,4083.98,2.666666667,2.8125,3.333333333,3.928571429,5.071428571,hacettepe,3.933333333,3.631578947,3.421052632,2.684210526,2.842105263,3.052631579
12,communication,105,0.657894737,female,22,4,3.66,0.82,4083.98,2.666666667,2.8125,3.333333333,3.928571429,5.071428571,hacettepe,2.866666667,2.657894737,3.578947368,2.473684211,2.789473684,3.157894737
12,alexander,109,0.59375,female,22,4,3.66,0.82,4083.98,2.666666667,2.8125,3.333333333,3.928571429,5.071428571,hacettepe,5,3.710526316,3.394736842,2.605263158,2.789473684,3.263157895
12,telescope,125,0.441176471,female,22,4,3.66,0.82,4083.98,2.666666667,2.8125,3.333333333,3.928571429,5.071428571,hacettepe,6,3.736842105,3.657894737,2.684210526,2.736842105,3.236842105
12,geneology,112,0.225,female,22,4,3.66,0.82,4083.98,2.666666667,2.8125,3.333333333,3.928571429,5.071428571,hacettepe,3.466666667,2.815789474,2.447368421,2.947368421,3,2.947368421
12,plants,198,0.510869565,female,22,4,3.66,0.82,4083.98,2.666666667,2.8125,3.333333333,3.928571429,5.071428571,hacettepe,5.733333333,4.026315789,3.315789474,2.289473684,2.789473684,3.552631579
12,culture,131,0.325,female,22,4,3.66,0.82,4083.98,2.666666667,2.8125,3.333333333,3.928571429,5.071428571,hacettepe,2.933333333,2.263157895,4.105263158,3.263157895,3.157894737,2.526315789
12,magna,139,0.464285714,female,22,4,3.66,0.82,4083.98,2.666666667,2.8125,3.333333333,3.928571429,5.071428571,hacettepe,3.866666667,3.263157895,2.868421053,3.578947368,3.236842105,2.526315789
13,pets,112,0.578947368,female,22,3,3.43,0.86,6060.05,3.75,4,4.833333333,5.785714286,5.5,hacettepe,6,4.131578947,4.473684211,1.815789474,2.657894737,3.368421053
13,money,102,0.361111111,female,22,3,3.43,0.86,6060.05,3.75,4,4.833333333,5.785714286,5.5,hacettepe,4.066666667,2.710526316,3.684210526,2.815789474,2.947368421,2.552631579
13,nations,109,0.315789474,female,22,3,3.43,0.86,6060.05,3.75,4,4.833333333,5.785714286,5.5,hacettepe,3.933333333,3.631578947,3.421052632,2.684210526,2.842105263,3.052631579
13,communication,105,0.473684211,female,22,3,3.43,0.86,6060.05,3.75,4,4.833333333,5.785714286,5.5,hacettepe,2.866666667,2.657894737,3.578947368,2.473684211,2.789473684,3.157894737
13,alexander,109,0.65625,female,22,3,3.43,0.86,6060.05,3.75,4,4.833333333,5.785714286,5.5,hacettepe,5,3.710526316,3.394736842,2.605263158,2.789473684,3.263157895
13,telescope,125,0.254901961,female,22,3,3.43,0.86,6060.05,3.75,4,4.833333333,5.785714286,5.5,hacettepe,6,3.736842105,3.657894737,2.684210526,2.736842105,3.236842105
13,geneology,112,0.3,female,22,3,3.43,0.86,6060.05,3.75,4,4.833333333,5.785714286,5.5,hacettepe,3.466666667,2.815789474,2.447368421,2.947368421,3,2.947368421
13,plants,198,0.152173913,female,22,3,3.43,0.86,6060.05,3.75,4,4.833333333,5.785714286,5.5,hacettepe,5.733333333,4.026315789,3.315789474,2.289473684,2.789473684,3.552631579
13,culture,131,0.1,female,22,3,3.43,0.86,6060.05,3.75,4,4.833333333,5.785714286,5.5,hacettepe,2.933333333,2.263157895,4.105263158,3.263157895,3.157894737,2.526315789
13,magna,139,0.380952381,female,22,3,3.43,0.86,6060.05,3.75,4,4.833333333,5.785714286,5.5,hacettepe,3.866666667,3.263157895,2.868421053,3.578947368,3.236842105,2.526315789
14,pets,112,0.394736842,female,22,4,3.2,0.89,4397.41,3.333333333,4.0625,5,6.714285714,7,ekonomi,6,4.131578947,4.473684211,1.815789474,2.657894737,3.368421053
14,money,102,0.194444444,female,22,4,3.2,0.89,4397.41,3.333333333,4.0625,5,6.714285714,7,ekonomi,4.066666667,2.710526316,3.684210526,2.815789474,2.947368421,2.552631579
14,nations,109,0.631578947,female,22,4,3.2,0.89,4397.41,3.333333333,4.0625,5,6.714285714,7,ekonomi,3.933333333,3.631578947,3.421052632,2.684210526,2.842105263,3.052631579
14,communication,105,0.315789474,female,22,4,3.2,0.89,4397.41,3.333333333,4.0625,5,6.714285714,7,ekonomi,2.866666667,2.657894737,3.578947368,2.473684211,2.789473684,3.157894737
14,alexander,109,0.4375,female,22,4,3.2,0.89,4397.41,3.333333333,4.0625,5,6.714285714,7,ekonomi,5,3.710526316,3.394736842,2.605263158,2.789473684,3.263157895
14,telescope,125,0.519607843,female,22,4,3.2,0.89,4397.41,3.333333333,4.0625,5,6.714285714,7,ekonomi,6,3.736842105,3.657894737,2.684210526,2.736842105,3.236842105
14,geneology,112,0.4,female,22,4,3.2,0.89,4397.41,3.333333333,4.0625,5,6.714285714,7,ekonomi,3.466666667,2.815789474,2.447368421,2.947368421,3,2.947368421
14,plants,198,0.336956522,female,22,4,3.2,0.89,4397.41,3.333333333,4.0625,5,6.714285714,7,ekonomi,5.733333333,4.026315789,3.315789474,2.289473684,2.789473684,3.552631579
14,culture,131,0.4,female,22,4,3.2,0.89,4397.41,3.333333333,4.0625,5,6.714285714,7,ekonomi,2.933333333,2.263157895,4.105263158,3.263157895,3.157894737,2.526315789
14,magna,139,0.630952381,female,22,4,3.2,0.89,4397.41,3.333333333,4.0625,5,6.714285714,7,ekonomi,3.866666667,3.263157895,2.868421053,3.578947368,3.236842105,2.526315789
15,pets,112,0.552631579,female,22,3,2.03,0.46,2202.96,4,3.625,4.333333333,5.5,5.857142857,ekonomi,6,4.131578947,4.473684211,1.815789474,2.657894737,3.368421053
15,money,102,0.166666667,female,22,3,2.03,0.46,2202.96,4,3.625,4.333333333,5.5,5.857142857,ekonomi,4.066666667,2.710526316,3.684210526,2.815789474,2.947368421,2.552631579
15,nations,109,0.157894737,female,22,3,2.03,0.46,2202.96,4,3.625,4.333333333,5.5,5.857142857,ekonomi,3.933333333,3.631578947,3.421052632,2.684210526,2.842105263,3.052631579
15,communication,105,0.263157895,female,22,3,2.03,0.46,2202.96,4,3.625,4.333333333,5.5,5.857142857,ekonomi,2.866666667,2.657894737,3.578947368,2.473684211,2.789473684,3.157894737
15,alexander,109,0.1875,female,22,3,2.03,0.46,2202.96,4,3.625,4.333333333,5.5,5.857142857,ekonomi,5,3.710526316,3.394736842,2.605263158,2.789473684,3.263157895
15,telescope,125,0.156862745,female,22,3,2.03,0.46,2202.96,4,3.625,4.333333333,5.5,5.857142857,ekonomi,6,3.736842105,3.657894737,2.684210526,2.736842105,3.236842105
15,geneology,112,0.075,female,22,3,2.03,0.46,2202.96,4,3.625,4.333333333,5.5,5.857142857,ekonomi,3.466666667,2.815789474,2.447368421,2.947368421,3,2.947368421
15,plants,198,0.119565217,female,22,3,2.03,0.46,2202.96,4,3.625,4.333333333,5.5,5.857142857,ekonomi,5.733333333,4.026315789,3.315789474,2.289473684,2.789473684,3.552631579
15,culture,131,0.15,female,22,3,2.03,0.46,2202.96,4,3.625,4.333333333,5.5,5.857142857,ekonomi,2.933333333,2.263157895,4.105263158,3.263157895,3.157894737,2.526315789
15,magna,139,0.047619048,female,22,3,2.03,0.46,2202.96,4,3.625,4.333333333,5.5,5.857142857,ekonomi,3.866666667,3.263157895,2.868421053,3.578947368,3.236842105,2.526315789
16,pets,112,0.421052632,female,26,4,3.54,0.86,3273.04,2.833333333,3.1875,4.5,6.428571429,6.285714286,yasar,6,4.131578947,4.473684211,1.815789474,2.657894737,3.368421053
16,money,102,0.111111111,female,26,4,3.54,0.86,3273.04,2.833333333,3.1875,4.5,6.428571429,6.285714286,yasar,4.066666667,2.710526316,3.684210526,2.815789474,2.947368421,2.552631579
16,nations,109,0.184210526,female,26,4,3.54,0.86,3273.04,2.833333333,3.1875,4.5,6.428571429,6.285714286,yasar,3.933333333,3.631578947,3.421052632,2.684210526,2.842105263,3.052631579
16,communication,105,0.105263158,female,26,4,3.54,0.86,3273.04,2.833333333,3.1875,4.5,6.428571429,6.285714286,yasar,2.866666667,2.657894737,3.578947368,2.473684211,2.789473684,3.157894737
16,alexander,109,0.125,female,26,4,3.54,0.86,3273.04,2.833333333,3.1875,4.5,6.428571429,6.285714286,yasar,5,3.710526316,3.394736842,2.605263158,2.789473684,3.263157895
16,telescope,125,0.117647059,female,26,4,3.54,0.86,3273.04,2.833333333,3.1875,4.5,6.428571429,6.285714286,yasar,6,3.736842105,3.657894737,2.684210526,2.736842105,3.236842105
16,geneology,112,0.1,female,26,4,3.54,0.86,3273.04,2.833333333,3.1875,4.5,6.428571429,6.285714286,yasar,3.466666667,2.815789474,2.447368421,2.947368421,3,2.947368421
16,plants,198,0.086956522,female,26,4,3.54,0.86,3273.04,2.833333333,3.1875,4.5,6.428571429,6.285714286,yasar,5.733333333,4.026315789,3.315789474,2.289473684,2.789473684,3.552631579
16,culture,131,0.125,female,26,4,3.54,0.86,3273.04,2.833333333,3.1875,4.5,6.428571429,6.285714286,yasar,2.933333333,2.263157895,4.105263158,3.263157895,3.157894737,2.526315789
16,magna,139,0.142857143,female,26,4,3.54,0.86,3273.04,2.833333333,3.1875,4.5,6.428571429,6.285714286,yasar,3.866666667,3.263157895,2.868421053,3.578947368,3.236842105,2.526315789
17,pets,112,0.421052632,female,31,4,3.65,0.5,2939.71,4,4.375,4.583333333,6.214285714,6.357142857,hacettepe,6,4.131578947,4.473684211,1.815789474,2.657894737,3.368421053
17,money,102,0.361111111,female,31,4,3.65,0.5,2939.71,4,4.375,4.583333333,6.214285714,6.357142857,hacettepe,4.066666667,2.710526316,3.684210526,2.815789474,2.947368421,2.552631579
17,nations,109,0.473684211,female,31,4,3.65,0.5,2939.71,4,4.375,4.583333333,6.214285714,6.357142857,hacettepe,3.933333333,3.631578947,3.421052632,2.684210526,2.842105263,3.052631579
17,communication,105,0.5,female,31,4,3.65,0.5,2939.71,4,4.375,4.583333333,6.214285714,6.357142857,hacettepe,2.866666667,2.657894737,3.578947368,2.473684211,2.789473684,3.157894737
17,alexander,109,0.5,female,31,4,3.65,0.5,2939.71,4,4.375,4.583333333,6.214285714,6.357142857,hacettepe,5,3.710526316,3.394736842,2.605263158,2.789473684,3.263157895
17,telescope,125,0.245098039,female,31,4,3.65,0.5,2939.71,4,4.375,4.583333333,6.214285714,6.357142857,hacettepe,6,3.736842105,3.657894737,2.684210526,2.736842105,3.236842105
17,geneology,112,0.325,female,31,4,3.65,0.5,2939.71,4,4.375,4.583333333,6.214285714,6.357142857,hacettepe,3.466666667,2.815789474,2.447368421,2.947368421,3,2.947368421
17,plants,198,0.217391304,female,31,4,3.65,0.5,2939.71,4,4.375,4.583333333,6.214285714,6.357142857,hacettepe,5.733333333,4.026315789,3.315789474,2.289473684,2.789473684,3.552631579
17,culture,131,0.225,female,31,4,3.65,0.5,2939.71,4,4.375,4.583333333,6.214285714,6.357142857,hacettepe,2.933333333,2.263157895,4.105263158,3.263157895,3.157894737,2.526315789
17,magna,139,0.214285714,female,31,4,3.65,0.5,2939.71,4,4.375,4.583333333,6.214285714,6.357142857,hacettepe,3.866666667,3.263157895,2.868421053,3.578947368,3.236842105,2.526315789
18,pets,112,0.473684211,female,25,4,3.45,0.52,1865.45,4.333333333,4.9375,5,7,7,ekonomi,6,4.131578947,4.473684211,1.815789474,2.657894737,3.368421053
18,money,102,0.277777778,female,25,4,3.45,0.52,1865.45,4.333333333,4.9375,5,7,7,ekonomi,4.066666667,2.710526316,3.684210526,2.815789474,2.947368421,2.552631579
18,nations,109,0.473684211,female,25,4,3.45,0.52,1865.45,4.333333333,4.9375,5,7,7,ekonomi,3.933333333,3.631578947,3.421052632,2.684210526,2.842105263,3.052631579
18,communication,105,0.526315789,female,25,4,3.45,0.52,1865.45,4.333333333,4.9375,5,7,7,ekonomi,2.866666667,2.657894737,3.578947368,2.473684211,2.789473684,3.157894737
18,alexander,109,0.3125,female,25,4,3.45,0.52,1865.45,4.333333333,4.9375,5,7,7,ekonomi,5,3.710526316,3.394736842,2.605263158,2.789473684,3.263157895
18,telescope,125,0.264705882,female,25,4,3.45,0.52,1865.45,4.333333333,4.9375,5,7,7,ekonomi,6,3.736842105,3.657894737,2.684210526,2.736842105,3.236842105
18,geneology,112,0.3,female,25,4,3.45,0.52,1865.45,4.333333333,4.9375,5,7,7,ekonomi,3.466666667,2.815789474,2.447368421,2.947368421,3,2.947368421
18,plants,198,0.304347826,female,25,4,3.45,0.52,1865.45,4.333333333,4.9375,5,7,7,ekonomi,5.733333333,4.026315789,3.315789474,2.289473684,2.789473684,3.552631579
18,culture,131,0.15,female,25,4,3.45,0.52,1865.45,4.333333333,4.9375,5,7,7,ekonomi,2.933333333,2.263157895,4.105263158,3.263157895,3.157894737,2.526315789
18,magna,139,0.523809524,female,25,4,3.45,0.52,1865.45,4.333333333,4.9375,5,7,7,ekonomi,3.866666667,3.263157895,2.868421053,3.578947368,3.236842105,2.526315789
19,pets,112,0.815789474,male,39,3,3.96,0.79,3625.61,3,2.875,4.916666667,6.714285714,6.714285714,yasar,6,4.131578947,4.473684211,1.815789474,2.657894737,3.368421053
19,money,102,0.277777778,male,39,3,3.96,0.79,3625.61,3,2.875,4.916666667,6.714285714,6.714285714,yasar,4.066666667,2.710526316,3.684210526,2.815789474,2.947368421,2.552631579
19,nations,109,0.315789474,male,39,3,3.96,0.79,3625.61,3,2.875,4.916666667,6.714285714,6.714285714,yasar,3.933333333,3.631578947,3.421052632,2.684210526,2.842105263,3.052631579
19,communication,105,0.236842105,male,39,3,3.96,0.79,3625.61,3,2.875,4.916666667,6.714285714,6.714285714,yasar,2.866666667,2.657894737,3.578947368,2.473684211,2.789473684,3.157894737
19,alexander,109,0.4375,male,39,3,3.96,0.79,3625.61,3,2.875,4.916666667,6.714285714,6.714285714,yasar,5,3.710526316,3.394736842,2.605263158,2.789473684,3.263157895
19,telescope,125,0.323529412,male,39,3,3.96,0.79,3625.61,3,2.875,4.916666667,6.714285714,6.714285714,yasar,6,3.736842105,3.657894737,2.684210526,2.736842105,3.236842105
19,geneology,112,0.325,male,39,3,3.96,0.79,3625.61,3,2.875,4.916666667,6.714285714,6.714285714,yasar,3.466666667,2.815789474,2.447368421,2.947368421,3,2.947368421
19,plants,198,0.489130435,male,39,3,3.96,0.79,3625.61,3,2.875,4.916666667,6.714285714,6.714285714,yasar,5.733333333,4.026315789,3.315789474,2.289473684,2.789473684,3.552631579
19,culture,131,0.3625,male,39,3,3.96,0.79,3625.61,3,2.875,4.916666667,6.714285714,6.714285714,yasar,2.933333333,2.263157895,4.105263158,3.263157895,3.157894737,2.526315789
19,magna,139,0.273809524,male,39,3,3.96,0.79,3625.61,3,2.875,4.916666667,6.714285714,6.714285714,yasar,3.866666667,3.263157895,2.868421053,3.578947368,3.236842105,2.526315789
20,pets,112,0.605263158,male,23,4,3.66,0.57,2506.24,3.833333333,3.5625,3.916666667,5.642857143,4.928571429,yasar,6,4.131578947,4.473684211,1.815789474,2.657894737,3.368421053
20,money,102,0.277777778,male,23,4,3.66,0.57,2506.24,3.833333333,3.5625,3.916666667,5.642857143,4.928571429,yasar,4.066666667,2.710526316,3.684210526,2.815789474,2.947368421,2.552631579
20,nations,109,0.526315789,male,23,4,3.66,0.57,2506.24,3.833333333,3.5625,3.916666667,5.642857143,4.928571429,yasar,3.933333333,3.631578947,3.421052632,2.684210526,2.842105263,3.052631579
20,communication,105,0.394736842,male,23,4,3.66,0.57,2506.24,3.833333333,3.5625,3.916666667,5.642857143,4.928571429,yasar,2.866666667,2.657894737,3.578947368,2.473684211,2.789473684,3.157894737
20,alexander,109,0.53125,male,23,4,3.66,0.57,2506.24,3.833333333,3.5625,3.916666667,5.642857143,4.928571429,yasar,5,3.710526316,3.394736842,2.605263158,2.789473684,3.263157895
20,telescope,125,0.284313725,male,23,4,3.66,0.57,2506.24,3.833333333,3.5625,3.916666667,5.642857143,4.928571429,yasar,6,3.736842105,3.657894737,2.684210526,2.736842105,3.236842105
20,geneology,112,0.225,male,23,4,3.66,0.57,2506.24,3.833333333,3.5625,3.916666667,5.642857143,4.928571429,yasar,3.466666667,2.815789474,2.447368421,2.947368421,3,2.947368421
20,plants,198,0.47826087,male,23,4,3.66,0.57,2506.24,3.833333333,3.5625,3.916666667,5.642857143,4.928571429,yasar,5.733333333,4.026315789,3.315789474,2.289473684,2.789473684,3.552631579
20,culture,131,0.3,male,23,4,3.66,0.57,2506.24,3.833333333,3.5625,3.916666667,5.642857143,4.928571429,yasar,2.933333333,2.263157895,4.105263158,3.263157895,3.157894737,2.526315789
20,magna,139,0.476190476,male,23,4,3.66,0.57,2506.24,3.833333333,3.5625,3.916666667,5.642857143,4.928571429,yasar,3.866666667,3.263157895,2.868421053,3.578947368,3.236842105,2.526315789
21,pets,112,0.5,female,22,4,3.23,1,4702.38,3.5,3.25,3.833333333,4.142857143,4.071428571,hacettepe,6,4.131578947,4.473684211,1.815789474,2.657894737,3.368421053
21,money,102,0.472222222,female,22,4,3.23,1,4702.38,3.5,3.25,3.833333333,4.142857143,4.071428571,hacettepe,4.066666667,2.710526316,3.684210526,2.815789474,2.947368421,2.552631579
21,nations,109,0.368421053,female,22,4,3.23,1,4702.38,3.5,3.25,3.833333333,4.142857143,4.071428571,hacettepe,3.933333333,3.631578947,3.421052632,2.684210526,2.842105263,3.052631579
21,communication,105,0.473684211,female,22,4,3.23,1,4702.38,3.5,3.25,3.833333333,4.142857143,4.071428571,hacettepe,2.866666667,2.657894737,3.578947368,2.473684211,2.789473684,3.157894737
21,alexander,109,0.3125,female,22,4,3.23,1,4702.38,3.5,3.25,3.833333333,4.142857143,4.071428571,hacettepe,5,3.710526316,3.394736842,2.605263158,2.789473684,3.263157895
21,telescope,125,0.254901961,female,22,4,3.23,1,4702.38,3.5,3.25,3.833333333,4.142857143,4.071428571,hacettepe,6,3.736842105,3.657894737,2.684210526,2.736842105,3.236842105
21,geneology,112,0.2625,female,22,4,3.23,1,4702.38,3.5,3.25,3.833333333,4.142857143,4.071428571,hacettepe,3.466666667,2.815789474,2.447368421,2.947368421,3,2.947368421
21,plants,198,0.554347826,female,22,4,3.23,1,4702.38,3.5,3.25,3.833333333,4.142857143,4.071428571,hacettepe,5.733333333,4.026315789,3.315789474,2.289473684,2.789473684,3.552631579
21,culture,131,0.1125,female,22,4,3.23,1,4702.38,3.5,3.25,3.833333333,4.142857143,4.071428571,hacettepe,2.933333333,2.263157895,4.105263158,3.263157895,3.157894737,2.526315789
21,magna,139,0.166666667,female,22,4,3.23,1,4702.38,3.5,3.25,3.833333333,4.142857143,4.071428571,hacettepe,3.866666667,3.263157895,2.868421053,3.578947368,3.236842105,2.526315789
22,pets,112,0.526315789,female,21,3,3.78,0.75,1980.32,4.25,4.9375,5,6.571428571,6.857142857,yasar,6,4.131578947,4.473684211,1.815789474,2.657894737,3.368421053
22,money,102,0.361111111,female,21,3,3.78,0.75,1980.32,4.25,4.9375,5,6.571428571,6.857142857,yasar,4.066666667,2.710526316,3.684210526,2.815789474,2.947368421,2.552631579
22,nations,109,0.605263158,female,21,3,3.78,0.75,1980.32,4.25,4.9375,5,6.571428571,6.857142857,yasar,3.933333333,3.631578947,3.421052632,2.684210526,2.842105263,3.052631579
22,communication,105,0.394736842,female,21,3,3.78,0.75,1980.32,4.25,4.9375,5,6.571428571,6.857142857,yasar,2.866666667,2.657894737,3.578947368,2.473684211,2.789473684,3.157894737
22,alexander,109,0.78125,female,21,3,3.78,0.75,1980.32,4.25,4.9375,5,6.571428571,6.857142857,yasar,5,3.710526316,3.394736842,2.605263158,2.789473684,3.263157895
22,telescope,125,0.343137255,female,21,3,3.78,0.75,1980.32,4.25,4.9375,5,6.571428571,6.857142857,yasar,6,3.736842105,3.657894737,2.684210526,2.736842105,3.236842105
22,geneology,112,0.3625,female,21,3,3.78,0.75,1980.32,4.25,4.9375,5,6.571428571,6.857142857,yasar,3.466666667,2.815789474,2.447368421,2.947368421,3,2.947368421
22,plants,198,0.47826087,female,21,3,3.78,0.75,1980.32,4.25,4.9375,5,6.571428571,6.857142857,yasar,5.733333333,4.026315789,3.315789474,2.289473684,2.789473684,3.552631579
22,culture,131,0.3125,female,21,3,3.78,0.75,1980.32,4.25,4.9375,5,6.571428571,6.857142857,yasar,2.933333333,2.263157895,4.105263158,3.263157895,3.157894737,2.526315789
22,magna,139,0.297619048,female,21,3,3.78,0.75,1980.32,4.25,4.9375,5,6.571428571,6.857142857,yasar,3.866666667,3.263157895,2.868421053,3.578947368,3.236842105,2.526315789
23,pets,112,0.526315789,female,22,4,2.66,0.86,2340.34,3.25,4.875,4.916666667,7,6.785714286,yasar,6,4.131578947,4.473684211,1.815789474,2.657894737,3.368421053
23,money,102,0.055555556,female,22,4,2.66,0.86,2340.34,3.25,4.875,4.916666667,7,6.785714286,yasar,4.066666667,2.710526316,3.684210526,2.815789474,2.947368421,2.552631579
23,nations,109,0.289473684,female,22,4,2.66,0.86,2340.34,3.25,4.875,4.916666667,7,6.785714286,yasar,3.933333333,3.631578947,3.421052632,2.684210526,2.842105263,3.052631579
23,communication,105,0.052631579,female,22,4,2.66,0.86,2340.34,3.25,4.875,4.916666667,7,6.785714286,yasar,2.866666667,2.657894737,3.578947368,2.473684211,2.789473684,3.157894737
23,alexander,109,0.375,female,22,4,2.66,0.86,2340.34,3.25,4.875,4.916666667,7,6.785714286,yasar,5,3.710526316,3.394736842,2.605263158,2.789473684,3.263157895
23,telescope,125,0.12745098,female,22,4,2.66,0.86,2340.34,3.25,4.875,4.916666667,7,6.785714286,yasar,6,3.736842105,3.657894737,2.684210526,2.736842105,3.236842105
23,geneology,112,0.05,female,22,4,2.66,0.86,2340.34,3.25,4.875,4.916666667,7,6.785714286,yasar,3.466666667,2.815789474,2.447368421,2.947368421,3,2.947368421
23,plants,198,0.097826087,female,22,4,2.66,0.86,2340.34,3.25,4.875,4.916666667,7,6.785714286,yasar,5.733333333,4.026315789,3.315789474,2.289473684,2.789473684,3.552631579
23,culture,131,0.2,female,22,4,2.66,0.86,2340.34,3.25,4.875,4.916666667,7,6.785714286,yasar,2.933333333,2.263157895,4.105263158,3.263157895,3.157894737,2.526315789
23,magna,139,0.202380952,female,22,4,2.66,0.86,2340.34,3.25,4.875,4.916666667,7,6.785714286,yasar,3.866666667,3.263157895,2.868421053,3.578947368,3.236842105,2.526315789
24,pets,112,0.526315789,female,23,4,3.47,0.64,2883.66,3.916666667,4.8125,4.833333333,6.428571429,6.642857143,hacettepe,6,4.131578947,4.473684211,1.815789474,2.657894737,3.368421053
24,money,102,0.333333333,female,23,4,3.47,0.64,2883.66,3.916666667,4.8125,4.833333333,6.428571429,6.642857143,hacettepe,4.066666667,2.710526316,3.684210526,2.815789474,2.947368421,2.552631579
24,nations,109,0.473684211,female,23,4,3.47,0.64,2883.66,3.916666667,4.8125,4.833333333,6.428571429,6.642857143,hacettepe,3.933333333,3.631578947,3.421052632,2.684210526,2.842105263,3.052631579
24,communication,105,0.526315789,female,23,4,3.47,0.64,2883.66,3.916666667,4.8125,4.833333333,6.428571429,6.642857143,hacettepe,2.866666667,2.657894737,3.578947368,2.473684211,2.789473684,3.157894737
24,alexander,109,0.40625,female,23,4,3.47,0.64,2883.66,3.916666667,4.8125,4.833333333,6.428571429,6.642857143,hacettepe,5,3.710526316,3.394736842,2.605263158,2.789473684,3.263157895
24,telescope,125,0.303921569,female,23,4,3.47,0.64,2883.66,3.916666667,4.8125,4.833333333,6.428571429,6.642857143,hacettepe,6,3.736842105,3.657894737,2.684210526,2.736842105,3.236842105
24,geneology,112,0.3,female,23,4,3.47,0.64,2883.66,3.916666667,4.8125,4.833333333,6.428571429,6.642857143,hacettepe,3.466666667,2.815789474,2.447368421,2.947368421,3,2.947368421
24,plants,198,,female,23,4,3.47,0.64,2883.66,3.916666667,4.8125,4.833333333,6.428571429,6.642857143,hacettepe,5.733333333,4.026315789,3.315789474,2.289473684,2.789473684,3.552631579
24,culture,131,0.2625,female,23,4,3.47,0.64,2883.66,3.916666667,4.8125,4.833333333,6.428571429,6.642857143,hacettepe,2.933333333,2.263157895,4.105263158,3.263157895,3.157894737,2.526315789
24,magna,139,0.25,female,23,4,3.47,0.64,2883.66,3.916666667,4.8125,4.833333333,6.428571429,6.642857143,hacettepe,3.866666667,3.263157895,2.868421053,3.578947368,3.236842105,2.526315789
25,pets,112,0.394736842,female,21,3,2.7,0.71,3345.03,4.083333333,4.125,4.25,5.857142857,6.142857143,yasar,6,4.131578947,4.473684211,1.815789474,2.657894737,3.368421053
25,money,102,0.416666667,female,21,3,2.7,0.71,3345.03,4.083333333,4.125,4.25,5.857142857,6.142857143,yasar,4.066666667,2.710526316,3.684210526,2.815789474,2.947368421,2.552631579
25,nations,109,0.157894737,female,21,3,2.7,0.71,3345.03,4.083333333,4.125,4.25,5.857142857,6.142857143,yasar,3.933333333,3.631578947,3.421052632,2.684210526,2.842105263,3.052631579
25,communication,105,0.184210526,female,21,3,2.7,0.71,3345.03,4.083333333,4.125,4.25,5.857142857,6.142857143,yasar,2.866666667,2.657894737,3.578947368,2.473684211,2.789473684,3.157894737
25,alexander,109,0.3125,female,21,3,2.7,0.71,3345.03,4.083333333,4.125,4.25,5.857142857,6.142857143,yasar,5,3.710526316,3.394736842,2.605263158,2.789473684,3.263157895
25,telescope,125,0.166666667,female,21,3,2.7,0.71,3345.03,4.083333333,4.125,4.25,5.857142857,6.142857143,yasar,6,3.736842105,3.657894737,2.684210526,2.736842105,3.236842105
25,geneology,112,0.2375,female,21,3,2.7,0.71,3345.03,4.083333333,4.125,4.25,5.857142857,6.142857143,yasar,3.466666667,2.815789474,2.447368421,2.947368421,3,2.947368421
25,plants,198,0.163043478,female,21,3,2.7,0.71,3345.03,4.083333333,4.125,4.25,5.857142857,6.142857143,yasar,5.733333333,4.026315789,3.315789474,2.289473684,2.789473684,3.552631579
25,culture,131,0.1,female,21,3,2.7,0.71,3345.03,4.083333333,4.125,4.25,5.857142857,6.142857143,yasar,2.933333333,2.263157895,4.105263158,3.263157895,3.157894737,2.526315789
25,magna,139,0.047619048,female,21,3,2.7,0.71,3345.03,4.083333333,4.125,4.25,5.857142857,6.142857143,yasar,3.866666667,3.263157895,2.868421053,3.578947368,3.236842105,2.526315789
26,pets,112,0.447368421,female,26,4,3.92,0.86,2858.36,2.416666667,4.75,4.916666667,6.428571429,6,ekonomi,6,4.131578947,4.473684211,1.815789474,2.657894737,3.368421053
26,money,102,0.472222222,female,26,4,3.92,0.86,2858.36,2.416666667,4.75,4.916666667,6.428571429,6,ekonomi,4.066666667,2.710526316,3.684210526,2.815789474,2.947368421,2.552631579
26,nations,109,0.605263158,female,26,4,3.92,0.86,2858.36,2.416666667,4.75,4.916666667,6.428571429,6,ekonomi,3.933333333,3.631578947,3.421052632,2.684210526,2.842105263,3.052631579
26,communication,105,0.447368421,female,26,4,3.92,0.86,2858.36,2.416666667,4.75,4.916666667,6.428571429,6,ekonomi,2.866666667,2.657894737,3.578947368,2.473684211,2.789473684,3.157894737
26,alexander,109,0.3125,female,26,4,3.92,0.86,2858.36,2.416666667,4.75,4.916666667,6.428571429,6,ekonomi,5,3.710526316,3.394736842,2.605263158,2.789473684,3.263157895
26,telescope,125,0.264705882,female,26,4,3.92,0.86,2858.36,2.416666667,4.75,4.916666667,6.428571429,6,ekonomi,6,3.736842105,3.657894737,2.684210526,2.736842105,3.236842105
26,geneology,112,0.1625,female,26,4,3.92,0.86,2858.36,2.416666667,4.75,4.916666667,6.428571429,6,ekonomi,3.466666667,2.815789474,2.447368421,2.947368421,3,2.947368421
26,plants,198,0.347826087,female,26,4,3.92,0.86,2858.36,2.416666667,4.75,4.916666667,6.428571429,6,ekonomi,5.733333333,4.026315789,3.315789474,2.289473684,2.789473684,3.552631579
26,culture,131,0.3125,female,26,4,3.92,0.86,2858.36,2.416666667,4.75,4.916666667,6.428571429,6,ekonomi,2.933333333,2.263157895,4.105263158,3.263157895,3.157894737,2.526315789
26,magna,139,0.226190476,female,26,4,3.92,0.86,2858.36,2.416666667,4.75,4.916666667,6.428571429,6,ekonomi,3.866666667,3.263157895,2.868421053,3.578947368,3.236842105,2.526315789
27,pets,112,0.394736842,male,24,4,2.23,0.39,1183.67,3.833333333,3.4375,4.916666667,6.071428571,5.5,ekonomi,6,4.131578947,4.473684211,1.815789474,2.657894737,3.368421053
27,money,102,0.333333333,male,24,4,2.23,0.39,1183.67,3.833333333,3.4375,4.916666667,6.071428571,5.5,ekonomi,4.066666667,2.710526316,3.684210526,2.815789474,2.947368421,2.552631579
27,nations,109,0.394736842,male,24,4,2.23,0.39,1183.67,3.833333333,3.4375,4.916666667,6.071428571,5.5,ekonomi,3.933333333,3.631578947,3.421052632,2.684210526,2.842105263,3.052631579
27,communication,105,0.447368421,male,24,4,2.23,0.39,1183.67,3.833333333,3.4375,4.916666667,6.071428571,5.5,ekonomi,2.866666667,2.657894737,3.578947368,2.473684211,2.789473684,3.157894737
27,alexander,109,0.5625,male,24,4,2.23,0.39,1183.67,3.833333333,3.4375,4.916666667,6.071428571,5.5,ekonomi,5,3.710526316,3.394736842,2.605263158,2.789473684,3.263157895
27,telescope,125,0.303921569,male,24,4,2.23,0.39,1183.67,3.833333333,3.4375,4.916666667,6.071428571,5.5,ekonomi,6,3.736842105,3.657894737,2.684210526,2.736842105,3.236842105
27,geneology,112,0.1875,male,24,4,2.23,0.39,1183.67,3.833333333,3.4375,4.916666667,6.071428571,5.5,ekonomi,3.466666667,2.815789474,2.447368421,2.947368421,3,2.947368421
27,plants,198,0.402173913,male,24,4,2.23,0.39,1183.67,3.833333333,3.4375,4.916666667,6.071428571,5.5,ekonomi,5.733333333,4.026315789,3.315789474,2.289473684,2.789473684,3.552631579
27,culture,131,0.125,male,24,4,2.23,0.39,1183.67,3.833333333,3.4375,4.916666667,6.071428571,5.5,ekonomi,2.933333333,2.263157895,4.105263158,3.263157895,3.157894737,2.526315789
27,magna,139,0.488095238,male,24,4,2.23,0.39,1183.67,3.833333333,3.4375,4.916666667,6.071428571,5.5,ekonomi,3.866666667,3.263157895,2.868421053,3.578947368,3.236842105,2.526315789
28,pets,112,0.421052632,male,25,4,3.53,1,4375.06,4,4.875,4.833333333,5.714285714,5.785714286,yasar,6,4.131578947,4.473684211,1.815789474,2.657894737,3.368421053
28,money,102,0.333333333,male,25,4,3.53,1,4375.06,4,4.875,4.833333333,5.714285714,5.785714286,yasar,4.066666667,2.710526316,3.684210526,2.815789474,2.947368421,2.552631579
28,nations,109,0.421052632,male,25,4,3.53,1,4375.06,4,4.875,4.833333333,5.714285714,5.785714286,yasar,3.933333333,3.631578947,3.421052632,2.684210526,2.842105263,3.052631579
28,communication,105,0.131578947,male,25,4,3.53,1,4375.06,4,4.875,4.833333333,5.714285714,5.785714286,yasar,2.866666667,2.657894737,3.578947368,2.473684211,2.789473684,3.157894737
28,alexander,109,0.53125,male,25,4,3.53,1,4375.06,4,4.875,4.833333333,5.714285714,5.785714286,yasar,5,3.710526316,3.394736842,2.605263158,2.789473684,3.263157895
28,telescope,125,0.323529412,male,25,4,3.53,1,4375.06,4,4.875,4.833333333,5.714285714,5.785714286,yasar,6,3.736842105,3.657894737,2.684210526,2.736842105,3.236842105
28,geneology,112,0.3,male,25,4,3.53,1,4375.06,4,4.875,4.833333333,5.714285714,5.785714286,yasar,3.466666667,2.815789474,2.447368421,2.947368421,3,2.947368421
28,plants,198,0.380434783,male,25,4,3.53,1,4375.06,4,4.875,4.833333333,5.714285714,5.785714286,yasar,5.733333333,4.026315789,3.315789474,2.289473684,2.789473684,3.552631579
28,culture,131,0.275,male,25,4,3.53,1,4375.06,4,4.875,4.833333333,5.714285714,5.785714286,yasar,2.933333333,2.263157895,4.105263158,3.263157895,3.157894737,2.526315789
28,magna,139,0.25,male,25,4,3.53,1,4375.06,4,4.875,4.833333333,5.714285714,5.785714286,yasar,3.866666667,3.263157895,2.868421053,3.578947368,3.236842105,2.526315789
29,pets,112,0.342105263,male,25,3,3.67,0.72,1472.08,3.666666667,4.5625,4.083333333,5.785714286,5.857142857,hacettepe,6,4.131578947,4.473684211,1.815789474,2.657894737,3.368421053
29,money,102,0.277777778,male,25,3,3.67,0.72,1472.08,3.666666667,4.5625,4.083333333,5.785714286,5.857142857,hacettepe,4.066666667,2.710526316,3.684210526,2.815789474,2.947368421,2.552631579
29,nations,109,0.210526316,male,25,3,3.67,0.72,1472.08,3.666666667,4.5625,4.083333333,5.785714286,5.857142857,hacettepe,3.933333333,3.631578947,3.421052632,2.684210526,2.842105263,3.052631579
29,communication,105,0.368421053,male,25,3,3.67,0.72,1472.08,3.666666667,4.5625,4.083333333,5.785714286,5.857142857,hacettepe,2.866666667,2.657894737,3.578947368,2.473684211,2.789473684,3.157894737
29,alexander,109,0.34375,male,25,3,3.67,0.72,1472.08,3.666666667,4.5625,4.083333333,5.785714286,5.857142857,hacettepe,5,3.710526316,3.394736842,2.605263158,2.789473684,3.263157895
29,telescope,125,0.078431373,male,25,3,3.67,0.72,1472.08,3.666666667,4.5625,4.083333333,5.785714286,5.857142857,hacettepe,6,3.736842105,3.657894737,2.684210526,2.736842105,3.236842105
29,geneology,112,0.15,male,25,3,3.67,0.72,1472.08,3.666666667,4.5625,4.083333333,5.785714286,5.857142857,hacettepe,3.466666667,2.815789474,2.447368421,2.947368421,3,2.947368421
29,plants,198,0.27173913,male,25,3,3.67,0.72,1472.08,3.666666667,4.5625,4.083333333,5.785714286,5.857142857,hacettepe,5.733333333,4.026315789,3.315789474,2.289473684,2.789473684,3.552631579
29,culture,131,0.15,male,25,3,3.67,0.72,1472.08,3.666666667,4.5625,4.083333333,5.785714286,5.857142857,hacettepe,2.933333333,2.263157895,4.105263158,3.263157895,3.157894737,2.526315789
29,magna,139,0.154761905,male,25,3,3.67,0.72,1472.08,3.666666667,4.5625,4.083333333,5.785714286,5.857142857,hacettepe,3.866666667,3.263157895,2.868421053,3.578947368,3.236842105,2.526315789
30,pets,112,0.394736842,male,23,3,2.63,0.93,3014.29,3.5,3.5,4.083333333,4.857142857,5.142857143,hacettepe,6,4.131578947,4.473684211,1.815789474,2.657894737,3.368421053
30,money,102,0.361111111,male,23,3,2.63,0.93,3014.29,3.5,3.5,4.083333333,4.857142857,5.142857143,hacettepe,4.066666667,2.710526316,3.684210526,2.815789474,2.947368421,2.552631579
30,nations,109,0.789473684,male,23,3,2.63,0.93,3014.29,3.5,3.5,4.083333333,4.857142857,5.142857143,hacettepe,3.933333333,3.631578947,3.421052632,2.684210526,2.842105263,3.052631579
30,communication,105,0.368421053,male,23,3,2.63,0.93,3014.29,3.5,3.5,4.083333333,4.857142857,5.142857143,hacettepe,2.866666667,2.657894737,3.578947368,2.473684211,2.789473684,3.157894737
30,alexander,109,0.59375,male,23,3,2.63,0.93,3014.29,3.5,3.5,4.083333333,4.857142857,5.142857143,hacettepe,5,3.710526316,3.394736842,2.605263158,2.789473684,3.263157895
30,telescope,125,0.284313725,male,23,3,2.63,0.93,3014.29,3.5,3.5,4.083333333,4.857142857,5.142857143,hacettepe,6,3.736842105,3.657894737,2.684210526,2.736842105,3.236842105
30,geneology,112,,male,23,3,2.63,0.93,3014.29,3.5,3.5,4.083333333,4.857142857,5.142857143,hacettepe,3.466666667,2.815789474,2.447368421,2.947368421,3,2.947368421
30,plants,198,0.347826087,male,23,3,2.63,0.93,3014.29,3.5,3.5,4.083333333,4.857142857,5.142857143,hacettepe,5.733333333,4.026315789,3.315789474,2.289473684,2.789473684,3.552631579
30,culture,131,0.2125,male,23,3,2.63,0.93,3014.29,3.5,3.5,4.083333333,4.857142857,5.142857143,hacettepe,2.933333333,2.263157895,4.105263158,3.263157895,3.157894737,2.526315789
30,magna,139,0.44047619,male,23,3,2.63,0.93,3014.29,3.5,3.5,4.083333333,4.857142857,5.142857143,hacettepe,3.866666667,3.263157895,2.868421053,3.578947368,3.236842105,2.526315789
31,pets,112,0.552631579,female,21,3,3.23,0.89,3454.4,4.083333333,4,4.416666667,5.857142857,6,hacettepe,6,4.131578947,4.473684211,1.815789474,2.657894737,3.368421053
31,money,102,0.361111111,female,21,3,3.23,0.89,3454.4,4.083333333,4,4.416666667,5.857142857,6,hacettepe,4.066666667,2.710526316,3.684210526,2.815789474,2.947368421,2.552631579
31,nations,109,0.605263158,female,21,3,3.23,0.89,3454.4,4.083333333,4,4.416666667,5.857142857,6,hacettepe,3.933333333,3.631578947,3.421052632,2.684210526,2.842105263,3.052631579
31,communication,105,0.105263158,female,21,3,3.23,0.89,3454.4,4.083333333,4,4.416666667,5.857142857,6,hacettepe,2.866666667,2.657894737,3.578947368,2.473684211,2.789473684,3.157894737
31,alexander,109,0.625,female,21,3,3.23,0.89,3454.4,4.083333333,4,4.416666667,5.857142857,6,hacettepe,5,3.710526316,3.394736842,2.605263158,2.789473684,3.263157895
31,telescope,125,0.470588235,female,21,3,3.23,0.89,3454.4,4.083333333,4,4.416666667,5.857142857,6,hacettepe,6,3.736842105,3.657894737,2.684210526,2.736842105,3.236842105
31,geneology,112,0.3,female,21,3,3.23,0.89,3454.4,4.083333333,4,4.416666667,5.857142857,6,hacettepe,3.466666667,2.815789474,2.447368421,2.947368421,3,2.947368421
31,plants,198,0.510869565,female,21,3,3.23,0.89,3454.4,4.083333333,4,4.416666667,5.857142857,6,hacettepe,5.733333333,4.026315789,3.315789474,2.289473684,2.789473684,3.552631579
31,culture,131,0.325,female,21,3,3.23,0.89,3454.4,4.083333333,4,4.416666667,5.857142857,6,hacettepe,2.933333333,2.263157895,4.105263158,3.263157895,3.157894737,2.526315789
31,magna,139,0.44047619,female,21,3,3.23,0.89,3454.4,4.083333333,4,4.416666667,5.857142857,6,hacettepe,3.866666667,3.263157895,2.868421053,3.578947368,3.236842105,2.526315789
32,pets,112,0.552631579,female,22,4,3.67,0.75,11054.98,4.25,4.5,5,6.642857143,6.5,yasar,6,4.131578947,4.473684211,1.815789474,2.657894737,3.368421053
32,money,102,0.583333333,female,22,4,3.67,0.75,11054.98,4.25,4.5,5,6.642857143,6.5,yasar,4.066666667,2.710526316,3.684210526,2.815789474,2.947368421,2.552631579
32,nations,109,0.657894737,female,22,4,3.67,0.75,11054.98,4.25,4.5,5,6.642857143,6.5,yasar,3.933333333,3.631578947,3.421052632,2.684210526,2.842105263,3.052631579
32,communication,105,0.552631579,female,22,4,3.67,0.75,11054.98,4.25,4.5,5,6.642857143,6.5,yasar,2.866666667,2.657894737,3.578947368,2.473684211,2.789473684,3.157894737
32,alexander,109,0.625,female,22,4,3.67,0.75,11054.98,4.25,4.5,5,6.642857143,6.5,yasar,5,3.710526316,3.394736842,2.605263158,2.789473684,3.263157895
32,telescope,125,0.284313725,female,22,4,3.67,0.75,11054.98,4.25,4.5,5,6.642857143,6.5,yasar,6,3.736842105,3.657894737,2.684210526,2.736842105,3.236842105
32,geneology,112,0.275,female,22,4,3.67,0.75,11054.98,4.25,4.5,5,6.642857143,6.5,yasar,3.466666667,2.815789474,2.447368421,2.947368421,3,2.947368421
32,plants,198,0.456521739,female,22,4,3.67,0.75,11054.98,4.25,4.5,5,6.642857143,6.5,yasar,5.733333333,4.026315789,3.315789474,2.289473684,2.789473684,3.552631579
32,culture,131,0.2,female,22,4,3.67,0.75,11054.98,4.25,4.5,5,6.642857143,6.5,yasar,2.933333333,2.263157895,4.105263158,3.263157895,3.157894737,2.526315789
32,magna,139,0.25,female,22,4,3.67,0.75,11054.98,4.25,4.5,5,6.642857143,6.5,yasar,3.866666667,3.263157895,2.868421053,3.578947368,3.236842105,2.526315789
33,pets,112,0.421052632,female,22,4,3.09,0.86,1713.83,3.75,4.5,4.75,4.857142857,4.714285714,ekonomi,6,4.131578947,4.473684211,1.815789474,2.657894737,3.368421053
33,money,102,0.25,female,22,4,3.09,0.86,1713.83,3.75,4.5,4.75,4.857142857,4.714285714,ekonomi,4.066666667,2.710526316,3.684210526,2.815789474,2.947368421,2.552631579
33,nations,109,0.105263158,female,22,4,3.09,0.86,1713.83,3.75,4.5,4.75,4.857142857,4.714285714,ekonomi,3.933333333,3.631578947,3.421052632,2.684210526,2.842105263,3.052631579
33,communication,105,0.026315789,female,22,4,3.09,0.86,1713.83,3.75,4.5,4.75,4.857142857,4.714285714,ekonomi,2.866666667,2.657894737,3.578947368,2.473684211,2.789473684,3.157894737
33,alexander,109,0.3125,female,22,4,3.09,0.86,1713.83,3.75,4.5,4.75,4.857142857,4.714285714,ekonomi,5,3.710526316,3.394736842,2.605263158,2.789473684,3.263157895
33,telescope,125,0.098039216,female,22,4,3.09,0.86,1713.83,3.75,4.5,4.75,4.857142857,4.714285714,ekonomi,6,3.736842105,3.657894737,2.684210526,2.736842105,3.236842105
33,geneology,112,0,female,22,4,3.09,0.86,1713.83,3.75,4.5,4.75,4.857142857,4.714285714,ekonomi,3.466666667,2.815789474,2.447368421,2.947368421,3,2.947368421
33,plants,198,0.086956522,female,22,4,3.09,0.86,1713.83,3.75,4.5,4.75,4.857142857,4.714285714,ekonomi,5.733333333,4.026315789,3.315789474,2.289473684,2.789473684,3.552631579
33,culture,131,0.025,female,22,4,3.09,0.86,1713.83,3.75,4.5,4.75,4.857142857,4.714285714,ekonomi,2.933333333,2.263157895,4.105263158,3.263157895,3.157894737,2.526315789
33,magna,139,0.05952381,female,22,4,3.09,0.86,1713.83,3.75,4.5,4.75,4.857142857,4.714285714,ekonomi,3.866666667,3.263157895,2.868421053,3.578947368,3.236842105,2.526315789
34,pets,112,0.368421053,female,22,4,3.79,0.89,4640.7,3.666666667,3.75,4.833333333,6.428571429,6.428571429,yasar,6,4.131578947,4.473684211,1.815789474,2.657894737,3.368421053
34,money,102,0.472222222,female,22,4,3.79,0.89,4640.7,3.666666667,3.75,4.833333333,6.428571429,6.428571429,yasar,4.066666667,2.710526316,3.684210526,2.815789474,2.947368421,2.552631579
34,nations,109,0.552631579,female,22,4,3.79,0.89,4640.7,3.666666667,3.75,4.833333333,6.428571429,6.428571429,yasar,3.933333333,3.631578947,3.421052632,2.684210526,2.842105263,3.052631579
34,communication,105,0.526315789,female,22,4,3.79,0.89,4640.7,3.666666667,3.75,4.833333333,6.428571429,6.428571429,yasar,2.866666667,2.657894737,3.578947368,2.473684211,2.789473684,3.157894737
34,alexander,109,0.71875,female,22,4,3.79,0.89,4640.7,3.666666667,3.75,4.833333333,6.428571429,6.428571429,yasar,5,3.710526316,3.394736842,2.605263158,2.789473684,3.263157895
34,telescope,125,0.31372549,female,22,4,3.79,0.89,4640.7,3.666666667,3.75,4.833333333,6.428571429,6.428571429,yasar,6,3.736842105,3.657894737,2.684210526,2.736842105,3.236842105
34,geneology,112,0.2875,female,22,4,3.79,0.89,4640.7,3.666666667,3.75,4.833333333,6.428571429,6.428571429,yasar,3.466666667,2.815789474,2.447368421,2.947368421,3,2.947368421
34,plants,198,0.467391304,female,22,4,3.79,0.89,4640.7,3.666666667,3.75,4.833333333,6.428571429,6.428571429,yasar,5.733333333,4.026315789,3.315789474,2.289473684,2.789473684,3.552631579
34,culture,131,0.2375,female,22,4,3.79,0.89,4640.7,3.666666667,3.75,4.833333333,6.428571429,6.428571429,yasar,2.933333333,2.263157895,4.105263158,3.263157895,3.157894737,2.526315789
34,magna,139,0.523809524,female,22,4,3.79,0.89,4640.7,3.666666667,3.75,4.833333333,6.428571429,6.428571429,yasar,3.866666667,3.263157895,2.868421053,3.578947368,3.236842105,2.526315789
35,pets,112,0.631578947,female,22,4,3.04,1,2352.6,4.333333333,4.4375,4.833333333,6.571428571,6.142857143,hacettepe,6,4.131578947,4.473684211,1.815789474,2.657894737,3.368421053
35,money,102,0.444444444,female,22,4,3.04,1,2352.6,4.333333333,4.4375,4.833333333,6.571428571,6.142857143,hacettepe,4.066666667,2.710526316,3.684210526,2.815789474,2.947368421,2.552631579
35,nations,109,0.710526316,female,22,4,3.04,1,2352.6,4.333333333,4.4375,4.833333333,6.571428571,6.142857143,hacettepe,3.933333333,3.631578947,3.421052632,2.684210526,2.842105263,3.052631579
35,communication,105,0.631578947,female,22,4,3.04,1,2352.6,4.333333333,4.4375,4.833333333,6.571428571,6.142857143,hacettepe,2.866666667,2.657894737,3.578947368,2.473684211,2.789473684,3.157894737
35,alexander,109,0.53125,female,22,4,3.04,1,2352.6,4.333333333,4.4375,4.833333333,6.571428571,6.142857143,hacettepe,5,3.710526316,3.394736842,2.605263158,2.789473684,3.263157895
35,telescope,125,0.441176471,female,22,4,3.04,1,2352.6,4.333333333,4.4375,4.833333333,6.571428571,6.142857143,hacettepe,6,3.736842105,3.657894737,2.684210526,2.736842105,3.236842105
35,geneology,112,0.3,female,22,4,3.04,1,2352.6,4.333333333,4.4375,4.833333333,6.571428571,6.142857143,hacettepe,3.466666667,2.815789474,2.447368421,2.947368421,3,2.947368421
35,plants,198,0.423913043,female,22,4,3.04,1,2352.6,4.333333333,4.4375,4.833333333,6.571428571,6.142857143,hacettepe,5.733333333,4.026315789,3.315789474,2.289473684,2.789473684,3.552631579
35,culture,131,0.25,female,22,4,3.04,1,2352.6,4.333333333,4.4375,4.833333333,6.571428571,6.142857143,hacettepe,2.933333333,2.263157895,4.105263158,3.263157895,3.157894737,2.526315789
35,magna,139,0.321428571,female,22,4,3.04,1,2352.6,4.333333333,4.4375,4.833333333,6.571428571,6.142857143,hacettepe,3.866666667,3.263157895,2.868421053,3.578947368,3.236842105,2.526315789
36,pets,112,0.631578947,female,22,4,2.6,0.54,2121.61,4.083333333,4,4.083333333,4.928571429,4.857142857,ekonomi,6,4.131578947,4.473684211,1.815789474,2.657894737,3.368421053
36,money,102,0.166666667,female,22,4,2.6,0.54,2121.61,4.083333333,4,4.083333333,4.928571429,4.857142857,ekonomi,4.066666667,2.710526316,3.684210526,2.815789474,2.947368421,2.552631579
36,nations,109,0.210526316,female,22,4,2.6,0.54,2121.61,4.083333333,4,4.083333333,4.928571429,4.857142857,ekonomi,3.933333333,3.631578947,3.421052632,2.684210526,2.842105263,3.052631579
36,communication,105,0.263157895,female,22,4,2.6,0.54,2121.61,4.083333333,4,4.083333333,4.928571429,4.857142857,ekonomi,2.866666667,2.657894737,3.578947368,2.473684211,2.789473684,3.157894737
36,alexander,109,0.15625,female,22,4,2.6,0.54,2121.61,4.083333333,4,4.083333333,4.928571429,4.857142857,ekonomi,5,3.710526316,3.394736842,2.605263158,2.789473684,3.263157895
36,telescope,125,0.245098039,female,22,4,2.6,0.54,2121.61,4.083333333,4,4.083333333,4.928571429,4.857142857,ekonomi,6,3.736842105,3.657894737,2.684210526,2.736842105,3.236842105
36,geneology,112,0.0625,female,22,4,2.6,0.54,2121.61,4.083333333,4,4.083333333,4.928571429,4.857142857,ekonomi,3.466666667,2.815789474,2.447368421,2.947368421,3,2.947368421
36,plants,198,0.108695652,female,22,4,2.6,0.54,2121.61,4.083333333,4,4.083333333,4.928571429,4.857142857,ekonomi,5.733333333,4.026315789,3.315789474,2.289473684,2.789473684,3.552631579
36,culture,131,0.125,female,22,4,2.6,0.54,2121.61,4.083333333,4,4.083333333,4.928571429,4.857142857,ekonomi,2.933333333,2.263157895,4.105263158,3.263157895,3.157894737,2.526315789
36,magna,139,0.047619048,female,22,4,2.6,0.54,2121.61,4.083333333,4,4.083333333,4.928571429,4.857142857,ekonomi,3.866666667,3.263157895,2.868421053,3.578947368,3.236842105,2.526315789
37,pets,112,0.263157895,male,22,4,2.82,0.43,2448.83,3.5,4.375,2.333333333,5.142857143,4.785714286,ekonomi,6,4.131578947,4.473684211,1.815789474,2.657894737,3.368421053
37,money,102,0.222222222,male,22,4,2.82,0.43,2448.83,3.5,4.375,2.333333333,5.142857143,4.785714286,ekonomi,4.066666667,2.710526316,3.684210526,2.815789474,2.947368421,2.552631579
37,nations,109,0.394736842,male,22,4,2.82,0.43,2448.83,3.5,4.375,2.333333333,5.142857143,4.785714286,ekonomi,3.933333333,3.631578947,3.421052632,2.684210526,2.842105263,3.052631579
37,communication,105,0.157894737,male,22,4,2.82,0.43,2448.83,3.5,4.375,2.333333333,5.142857143,4.785714286,ekonomi,2.866666667,2.657894737,3.578947368,2.473684211,2.789473684,3.157894737
37,alexander,109,0.34375,male,22,4,2.82,0.43,2448.83,3.5,4.375,2.333333333,5.142857143,4.785714286,ekonomi,5,3.710526316,3.394736842,2.605263158,2.789473684,3.263157895
37,telescope,125,0.166666667,male,22,4,2.82,0.43,2448.83,3.5,4.375,2.333333333,5.142857143,4.785714286,ekonomi,6,3.736842105,3.657894737,2.684210526,2.736842105,3.236842105
37,geneology,112,0.125,male,22,4,2.82,0.43,2448.83,3.5,4.375,2.333333333,5.142857143,4.785714286,ekonomi,3.466666667,2.815789474,2.447368421,2.947368421,3,2.947368421
37,plants,198,0.097826087,male,22,4,2.82,0.43,2448.83,3.5,4.375,2.333333333,5.142857143,4.785714286,ekonomi,5.733333333,4.026315789,3.315789474,2.289473684,2.789473684,3.552631579
37,culture,131,0.1875,male,22,4,2.82,0.43,2448.83,3.5,4.375,2.333333333,5.142857143,4.785714286,ekonomi,2.933333333,2.263157895,4.105263158,3.263157895,3.157894737,2.526315789
37,magna,139,0.19047619,male,22,4,2.82,0.43,2448.83,3.5,4.375,2.333333333,5.142857143,4.785714286,ekonomi,3.866666667,3.263157895,2.868421053,3.578947368,3.236842105,2.526315789
38,pets,112,0.342105263,male,22,3,3.66,0.46,2895.43,2.916666667,4.5625,5,7,6.714285714,hacettepe,6,4.131578947,4.473684211,1.815789474,2.657894737,3.368421053
38,money,102,0.25,male,22,3,3.66,0.46,2895.43,2.916666667,4.5625,5,7,6.714285714,hacettepe,4.066666667,2.710526316,3.684210526,2.815789474,2.947368421,2.552631579
38,nations,109,0.684210526,male,22,3,3.66,0.46,2895.43,2.916666667,4.5625,5,7,6.714285714,hacettepe,3.933333333,3.631578947,3.421052632,2.684210526,2.842105263,3.052631579
38,communication,105,0.342105263,male,22,3,3.66,0.46,2895.43,2.916666667,4.5625,5,7,6.714285714,hacettepe,2.866666667,2.657894737,3.578947368,2.473684211,2.789473684,3.157894737
38,alexander,109,0.71875,male,22,3,3.66,0.46,2895.43,2.916666667,4.5625,5,7,6.714285714,hacettepe,5,3.710526316,3.394736842,2.605263158,2.789473684,3.263157895
38,telescope,125,0.215686275,male,22,3,3.66,0.46,2895.43,2.916666667,4.5625,5,7,6.714285714,hacettepe,6,3.736842105,3.657894737,2.684210526,2.736842105,3.236842105
38,geneology,112,0.075,male,22,3,3.66,0.46,2895.43,2.916666667,4.5625,5,7,6.714285714,hacettepe,3.466666667,2.815789474,2.447368421,2.947368421,3,2.947368421
38,plants,198,0.27173913,male,22,3,3.66,0.46,2895.43,2.916666667,4.5625,5,7,6.714285714,hacettepe,5.733333333,4.026315789,3.315789474,2.289473684,2.789473684,3.552631579
38,culture,131,0.25,male,22,3,3.66,0.46,2895.43,2.916666667,4.5625,5,7,6.714285714,hacettepe,2.933333333,2.263157895,4.105263158,3.263157895,3.157894737,2.526315789
38,magna,139,0.273809524,male,22,3,3.66,0.46,2895.43,2.916666667,4.5625,5,7,6.714285714,hacettepe,3.866666667,3.263157895,2.868421053,3.578947368,3.236842105,2.526315789
